{"name":"mywallet","isExtPubKeyWallet":false,"encryptedSeed":"6PYPZ61DzUQzz89497b2zzGSAYLPQqdfShtXgSLK2uktnGr3EC1SmJPMjv","chainCode":"QLWsyTAeUhl1Y2x2wZiLZCjRd17p8Z6D8AM+RvvVbXM=","blockLocator":["5fc527b0a97589866f04d2b1db91424679d170b641f66da9ea8255cfd233d36c","9aa749bb3cc8422e23bdb7dee99bbe178ea1eb2948064eaf3a93e9c25eef37fb","93925104d664314f581bc7ecb7b4bad07bcfabd1cfce4256dbd2faddcf53bd1f"],"network":"StratisRegTest","creationTime":"1586801225","accountsRoot":[{"coinType":105,"lastBlockSyncedHeight":2,"lastBlockSyncedHash":"5fc527b0a97589866f04d2b1db91424679d170b641f66da9ea8255cfd233d36c","accounts":[{"index":0,"name":"account 0","hdPath":"m/44'/105'/0'","extPubKey":"xpub6D1YsJfMT7uNqvj2SaSx4Yf5nSWr6DBpCGnyjQkBKcFuQBcJCiM2Gvam11fRdJ6S7jESQ3mckBXCUjawBFvPnGYigkjBCij2yntzPYvLwzK","creationTime":"1586801225","externalAddresses":[{"index":0,"scriptPubKey":"76a914570fe303024dc1cc847d5d50e929b2e180f8be0d88ac","pubkey":"2103097672be16c4bc459ffdb29849133dada5c050791288790634a1ec7f60ad4109ac","bech32Address":"tstrat1q2u87xqczfhqueprat4gwj2djuxq030sdps2l7c","address":"THuYpabPqE2n6Dp25e5sZZjmHqpiNg519j","hdPath":"m/44'/105'/0'/0/0","transactions":[]},{"index":1,"scriptPubKey":"76a9145b5b9247204f2993eb92dd38de765ffefd88d15688ac","pubkey":"2103ca796f20a290c644a9b175553465b9cb895121a6147bd944ff16f8892a11a521ac","bech32Address":"tstrat1qtddey3eqfu5e86ujm5uduajllm7c352kccr6f0","address":"TJJGC1Qb8hMS2rP2Xq1RgCrLwP1qXZr6qK","hdPath":"m/44'/105'/0'/0/1","transactions":[]},{"index":2,"scriptPubKey":"76a91498427b5f5bef4d686324b07e0fa195a9c96f2c6088ac","pubkey":"21034cc1119b5a8a697b3181e0254e6a74091bc0389ad1e0014fbbf6a745c9d4e571ac","bech32Address":"tstrat1qnpp8kh6maaxksceykplqlgv448yk7trqavh9sh","address":"TPrHMTmLD3svCRX48Eg67EgfyfJQEtEtrf","hdPath":"m/44'/105'/0'/0/2","transactions":[]},{"index":3,"scriptPubKey":"76a914ef936d5d517742947714cd70ae8686e1f5ef1c0288ac","pubkey":"210216783232f5913ca8d62d9cfa89f75f135a50a3fa8231f130b5a9b2868b9c98b3ac","bech32Address":"tstrat1qa7fk6h23wapfgac5e4c2ap5xu86778qzh28kuq","address":"TXoy7KzXyfp2cMepHV54JTMwqD4Ytt3BK6","hdPath":"m/44'/105'/0'/0/3","transactions":[]},{"index":4,"scriptPubKey":"76a9145ee8702296389ec38d32b4e1065ce2b83ba6cf8a88ac","pubkey":"2103992fa44509c5a5560ccc340753ccf442955459a278a9d04da67ae5ee484b64ecac","bech32Address":"tstrat1qtm58qg5k8z0v8rfjknssvh8zhqa6dnu2e7f2yq","address":"TJd2yAic8KUX4V4uWmmghHE86gneNdXbcs","hdPath":"m/44'/105'/0'/0/4","transactions":[]},{"index":5,"scriptPubKey":"76a91428daccd508d385d44923bf307aa8c01a28a7550c88ac","pubkey":"2102b907945408dfb84c7bb0d0addd94808ed6b80caff0b1e886be6f95f2322ce380ac","bech32Address":"tstrat1q9rdve4gg6wzagjfrhuc842xqrg52w4gv6gq9vy","address":"TDhE9ENu3wN6JbFEmzA9yaSD2x37ny1sKh","hdPath":"m/44'/105'/0'/0/5","transactions":[]},{"index":6,"scriptPubKey":"76a9149eebc71e94a73f0af78caacf40959a13de78de4188ac","pubkey":"2103e01ae6dc29c0b77a7d9b8b11be12b441ff654e09204547de10aa2349d557b00aac","bech32Address":"tstrat1qnm4uw8555uls4auv4t85p9v6z0083hjpx8rjax","address":"TQTWDVpQm2gHGHW5cn6QmgJeMjQ3CchUgg","hdPath":"m/44'/105'/0'/0/6","transactions":[]},{"index":7,"scriptPubKey":"76a914985f25e49dc52d02ca1b3deccd00c1e435d8941088ac","pubkey":"2102a583d3ea2b9ccf67388dfe0444d734ee083b331e7908bb99976c236daa0dcd8bac","bech32Address":"tstrat1qnp0jteyac5ks9jsm8hkv6qxpus6a39qsm5t4nn","address":"TPrshDa1ukmTcYVqJ7HQ2riyTcHHzQFzsg","hdPath":"m/44'/105'/0'/0/7","transactions":[]},{"index":8,"scriptPubKey":"76a9149f0df6dc196db0453f04b268176924a48a2683c888ac","pubkey":"21021cb2015181daee215475e28f76dc5ec0e5ec618399dadb103049b0cfcd002615ac","bech32Address":"tstrat1qnuxldhqedkcy20cykf5pw6fy5j9zdq7gttq6l0","address":"TQUDApJP8THZbnzt99CPh8qVtj4kbT4MS2","hdPath":"m/44'/105'/0'/0/8","transactions":[]},{"index":9,"scriptPubKey":"76a914b3e4483f32cf752432f5fd2afe4d4723a787c92d88ac","pubkey":"21035b4cde124373101fc29be4abe3033f806992bf3ba029306e8eed43a10f9aa95cac","bech32Address":"tstrat1qk0jys0ejea6jgvh4l540un28ywnc0jfdklthks","address":"TSNPRitJd1s7eDUP22ALMreJkBnXZUzd9Y","hdPath":"m/44'/105'/0'/0/9","transactions":[]},{"index":10,"scriptPubKey":"76a914bdb0eff8ef568c3fba8a83e7ddba1786df0d076888ac","pubkey":"2103b5fecfa1d3ee3abe330a27fa8d1b7eefd2731d428f14cad06548cca6be43076aac","bech32Address":"tstrat1qhkcwl78026xrlw52s0namwshsm0s6pmg9gl8mh","address":"TTGCg96qiHvVKnknPrmP3Qe9LSojtL8SwV","hdPath":"m/44'/105'/0'/0/10","transactions":[]},{"index":11,"scriptPubKey":"76a91449eb06d4c61867671bf5e84dc08116ad84b9bd6c88ac","pubkey":"2102fe9665c3057328436d000f8e4311d81dbffe4524edb9ea3013601126aba4dfa7ac","bech32Address":"tstrat1qf84sd4xxrpnkwxl4apxupqgk4kztn0tvxyc4hz","address":"TGi3t185FTjBoVdk9XvCrLQyLP4dSHs6n8","hdPath":"m/44'/105'/0'/0/11","transactions":[]},{"index":12,"scriptPubKey":"76a914270d0ceaf374b06f4e810d14fa4557af403633ee88ac","pubkey":"2103742234f0c05faa315e3374d5b30897f913b669e6d3d20849b0e5503a1ae694c4ac","bech32Address":"tstrat1qyuxse6hnwjcx7n5pp520532h4aqrvvlwhxa5a2","address":"TDXgzJV1r8LCbe6pXxUsgjbbVpQxuqbCQn","hdPath":"m/44'/105'/0'/0/12","transactions":[]},{"index":13,"scriptPubKey":"76a9142d3e8d5bf193169b0645284563f9f1b0c82930e488ac","pubkey":"21030ffe9b0fd652f1cc40a11b7e9181738a8bcd826e1546b7b91c7911887ab1aad4ac","bech32Address":"tstrat1q95lg6kl3jvtfkpj99pzk8703kryzjv8yluxvj5","address":"TE6SLtmPCaiua68YWaEmaMakSfkzmR7TyB","hdPath":"m/44'/105'/0'/0/13","transactions":[]},{"index":14,"scriptPubKey":"76a914de36efc46282da80480e23c229e8f23a2ac91d2a88ac","pubkey":"210261d532d0fdc2e0f616af22c1e56de3dd575748e2cb4852cc617c11c82ff125efac","bech32Address":"tstrat1qmcmwl3rzstdgqjqwy0pzn68j8g4vj8f2s4dp2z","address":"TWEAphw9QssfyZh3nhRGKHxAYamiUb8f1n","hdPath":"m/44'/105'/0'/0/14","transactions":[]},{"index":15,"scriptPubKey":"76a914ae1b0cb087e27e735ce27382154a26dcc47ca81888ac","pubkey":"21024729efd13018e600b7e19dac37e38be1f06c8925adf4b0ca7ea01c12d514f555ac","bech32Address":"tstrat1q4cdsevy8ufl8xh8zwwpp2j3xmnz8e2qcnsyltx","address":"TRqnysfyPSRbqTEhw3BfzFPAgh38tH7kSD","hdPath":"m/44'/105'/0'/0/15","transactions":[]},{"index":16,"scriptPubKey":"76a9145700185a7fb1bcaa0e8c32cc62742f1a7c89f6ce88ac","pubkey":"21027041022b9b8e2ad6ca3cd7bafd0fb5f8bb8ad8cc4fda5e8d2f75e272c2117332ac","bech32Address":"tstrat1q2uqpsknlkx725r5vxtxxyap0rf7gnakwnwyqpt","address":"THuDuMikrPeWGLrjiCP6vh5BR7B4u5ASTK","hdPath":"m/44'/105'/0'/0/16","transactions":[]},{"index":17,"scriptPubKey":"76a91463e983fce052bcbb8ec5f22c1db692c162e7448b88ac","pubkey":"21022b3ae3fab9937a4cbe45b8e355fb1f38176d02a2ee5ec6c6a18de438da93552bac","bech32Address":"tstrat1qv05c8l8q227thrk97gkpmd5jc93ww3ytj29vfh","address":"TK5Vdzn3pGFxbc4qaPxu2SEMHhonEeXKcB","hdPath":"m/44'/105'/0'/0/17","transactions":[]},{"index":18,"scriptPubKey":"76a9149562c933ebd3187752a5bbae6e4efa2b857e2ad888ac","pubkey":"21036c7ee8f515ed170cf55b545856e1b61fa71b669eff3309639fda48ab13afbfe9ac","bech32Address":"tstrat1qj43vjvlt6vv8w549hwhxunh69wzhu2kctnsu6h","address":"TPb62QihXQ1XvW9kpprQgjaN6N1ecxudzx","hdPath":"m/44'/105'/0'/0/18","transactions":[]},{"index":19,"scriptPubKey":"76a91487699e82c9de69155fa86167bee2cbd88d972e5488ac","pubkey":"210237147572bdc453bbe5ba1380bf388286da9c3a1b05eabfbec79058dd71403cf6ac","bech32Address":"tstrat1qsa5eaqkfme532hagv9nmacktmzxewtj5x02xme","address":"TNKCkWH7YhvTqfGyRnhAZN7pV6VaUoJzXn","hdPath":"m/44'/105'/0'/0/19","transactions":[]}],"internalAddresses":[{"index":0,"scriptPubKey":"76a914a2b470b9677125a742946b16832ad69b29e7dc0888ac","pubkey":"2103a393d1d84e96f39399083a55fd91d6af2d5ea86e69362220684df2de58574f50ac","bech32Address":"tstrat1q5268pwt8wyj6ws55dvtgx2kknv570hqg2a4h37","address":"TQoWdMDa9VxpeiLg7Vcjjrx6QGN5J5Auaw","hdPath":"m/44'/105'/0'/1/0","transactions":[]},{"index":1,"scriptPubKey":"76a914af8e290edbf3239de75e878f61d6a82dfe341c0588ac","pubkey":"21022414376b71307292dd8abf667ea2dc6a543c3cb29c2f369baaefbcb6993b6242ac","bech32Address":"tstrat1q478zjrkm7v3eme67s78kr44g9hlrg8q9z43lk6","address":"TRyTZ76VJGePPkMZiYJv6GDPF3FuGVVhq4","hdPath":"m/44'/105'/0'/1/1","transactions":[]},{"index":2,"scriptPubKey":"76a9144ca0e5112fcc34a3f24711ee26c261af4fc999f288ac","pubkey":"210206d4153b33f0607c9f32c97a70abdd36adc4526d4b1ce748111c3176b810ad0eac","bech32Address":"tstrat1qfjsw2yf0es628uj8z8hzdsnp4a8unx0jk95ly5","address":"TGxP6oc5Wcnp63NUzfwYuFhpouX6gFRBdD","hdPath":"m/44'/105'/0'/1/2","transactions":[]},{"index":3,"scriptPubKey":"76a914a79ec384ea53d9822c952ee43fb48081633db0a888ac","pubkey":"21025533b8977742f54cb320c38982c95d5a7a69fbf951f6c6f173ee1c7150f84ad6ac","bech32Address":"tstrat1q570v8p8220vcyty49mjrldyqs93nmv9gm5mx8x","address":"TRFW3CABRfNowHieNfoAZZo5j4LVXoe8zR","hdPath":"m/44'/105'/0'/1/3","transactions":[]},{"index":4,"scriptPubKey":"76a914129828d217a74364104784592bdc355218693dcf88ac","pubkey":"2103b30c854a36ece2c50ed568ce32122b2f83e785e9043143a394b0fc5e20dcf606ac","bech32Address":"tstrat1qz2vz35sh5apkgyz8s3vjhhp42gvxj0w0vwmhd2","address":"TBfXSjf626g33nGrxhVcZXTpUvH81zhfPY","hdPath":"m/44'/105'/0'/1/4","transactions":[]},{"index":5,"scriptPubKey":"76a9141634277d7bee5b6c34172c8ae9af8f61bc38ff1888ac","pubkey":"210342b0657e6ce2f12407779bd5257643dbf9feac95904128b94de5fe0a6a872573ac","bech32Address":"tstrat1qzc6zwltmaedkcdqh9j9wntu0vx7r3lccr6wx78","address":"TBzcM29ovaeZTCPb8aZ1uti2xuGLD1Vbjt","hdPath":"m/44'/105'/0'/1/5","transactions":[]},{"index":6,"scriptPubKey":"76a914dcc617b032584ee8641bab97d2ad4ee34b862f3f88ac","pubkey":"2102215998eaf71b29ddefc001368fd6c9eddbcc03fd2043da0818edf5b021a7ac29ac","bech32Address":"tstrat1qmnrp0vpjtp8wseqm4wta9t2wud9cvtelvmvu5j","address":"TW6YxyLVrQitMk4d6fnWU6VcvNM9CZiCYk","hdPath":"m/44'/105'/0'/1/6","transactions":[]},{"index":7,"scriptPubKey":"76a914dae39064eebf8ba846eb53167752547b97f15fe688ac","pubkey":"2103cc33ab7308328ba7e2bc7fd0fdef5c17b34649009e0459312a3e485da94d25bdac","bech32Address":"tstrat1qmt3eqe8wh796s3ht2vt8w5j50wtlzhlxyt8qxa","address":"TVvavJdNG1ZXrjuLBGRpWnjEcDYqLdGkYZ","hdPath":"m/44'/105'/0'/1/7","transactions":[]},{"index":8,"scriptPubKey":"76a9143b031ec14fa8be9a76a32f1bf7a9646bcb96f9a088ac","pubkey":"210243b0915a1d212d24838b931a1d37a420ecf766f1533145756b614338b76e2bc9ac","bech32Address":"tstrat1q8vp3as204zlf5a4r9udl02tyd09ed7dq4su7lm","address":"TFMEcAhAEj1LKHRbiy9qHD8tR4q8EGtfci","hdPath":"m/44'/105'/0'/1/8","transactions":[]},{"index":9,"scriptPubKey":"76a9147d172bb8b8ffd35a587ab5c29f78387648d0351788ac","pubkey":"2103ba68d6b8671d1846b2b00fe890e41cbb517a5950067ff187e2b304fab212bb46ac","bech32Address":"tstrat1q05tjhw9cllf45kr6khpf77pcweydqdghgac3fh","address":"TMNdDyMBhWQU2K8Bxkcg63fbF3HSkaifUb","hdPath":"m/44'/105'/0'/1/9","transactions":[]},{"index":10,"scriptPubKey":"76a9141dd8b6ae1160832c4962204f1c75a3b68d83ffa488ac","pubkey":"21038648b3d7ce98e47897799e0db3a9d64c42c363f57f3cff2bf4ce2e97ea8dd575ac","bech32Address":"tstrat1qrhvtdts3vzpjcjtzyp83cadrk6xc8layjjd40f","address":"TCh2D9TD6njVB4AhpEqEtdJS2HT2sennXp","hdPath":"m/44'/105'/0'/1/10","transactions":[]},{"index":11,"scriptPubKey":"76a914fd6f8fdf3afdff2136e2a902d998aa7e9f9b748688ac","pubkey":"2103dc7ee88d981d1b1be62718e6e5c93e8011096c8587248ac90bd3497597b49b7dac","bech32Address":"tstrat1ql4hclhe6lhljzdhz4ypdnx92060ekayx8uyws0","address":"TZ5Fc4BnQt7xvmHMDazDLg2QLVDjN1pR6z","hdPath":"m/44'/105'/0'/1/11","transactions":[]},{"index":12,"scriptPubKey":"76a9146d1292daa1e489c999d55489acadcde1fdbf28f588ac","pubkey":"2102d06a8ad829e27e7032da4f08b2d0efd6882805eb23b55e13e18c1807f853b66eac","bech32Address":"tstrat1qd5ff9k4pujyunxw42jy6etwdu87m7284tpfys6","address":"TKuvuVGhVi3DgJqJLvjwNfaRCSCGeVFA3a","hdPath":"m/44'/105'/0'/1/12","transactions":[]},{"index":13,"scriptPubKey":"76a9146a019a6ac41669c412cb52e589d908019fe3827088ac","pubkey":"2103621d569a1b9ebfc4c4823a92cb3d81999123e9b2544f24b9c4a43f82e823a123ac","bech32Address":"tstrat1qdgqe56kyze5ugykt2tjcnkggqx078qnsugjud0","address":"TKdiYnU5ywo6tvHHCPRxfuQf9gyaM9GtLy","hdPath":"m/44'/105'/0'/1/13","transactions":[]},{"index":14,"scriptPubKey":"76a914eaa26ad9661f4fd4c6569aa8325ddebe90292e2188ac","pubkey":"2103c332a43949983cd47008291c93f23529ffca3ae537f34b6feb81722409e47bc5ac","bech32Address":"tstrat1qa23x4ktxra8af3jkn25ryhw7h6gzjt3pwt4gq8","address":"TXMqguRfePfcy4ytMF8prJtLRziWcrSgr1","hdPath":"m/44'/105'/0'/1/14","transactions":[]},{"index":15,"scriptPubKey":"76a914c88d414e6baff45958a9f4830989613e560de2af88ac","pubkey":"2102281b30cc3caaad770d9034801e11c55c2f53868b3f7e31b7d5fa0abb99a8ceeeac","bech32Address":"tstrat1qezx5znnt4l69jk9f7jpsnztp8etqmc4058xnw6","address":"TUFdN13wYKZN2qSvdg62oNUjqpMigmtPBd","hdPath":"m/44'/105'/0'/1/15","transactions":[]},{"index":16,"scriptPubKey":"76a9149b47d8eee77208cddc834499aaf6364df4d6a32688ac","pubkey":"2102ea4001ed5c26d7bef2ba893fe65e865b5529dce03eb6dea93f7ef3b9592af57dac","bech32Address":"tstrat1qndra3mh8wgyvmhyrgjv64a3kfh6ddgexv8rhf5","address":"TQ8FoqWobKuffc33TJseQWtgVT6LjhsLqS","hdPath":"m/44'/105'/0'/1/16","transactions":[]},{"index":17,"scriptPubKey":"76a914841a017b3f7713b221f16d64d65cd6a2ffaef21188ac","pubkey":"2102d7150b769c339273e840436f078ee562c2f73d04bcdf2442a06e55b384635ba6ac","bech32Address":"tstrat1qssdqz7elwufmyg03d4jdvhxk5tl6aus3ewmj53","address":"TN1hMJ2VViMqVZMCfLNBJq1VR9FupZHccr","hdPath":"m/44'/105'/0'/1/17","transactions":[]},{"index":18,"scriptPubKey":"76a914b4265fbb2d267184f604b8827b6e88f0ba932d2c88ac","pubkey":"21028de02b09d6ff1e491fb9b25fc3891975950df6050ce7cd53217d759a926a55d7ac","bech32Address":"tstrat1qksn9lwedyeccfasyhzp8km5g7zafxtfv0p778s","address":"TSPkbrg3sGmX6GEkTDtuo4Dkxame9FoiaH","hdPath":"m/44'/105'/0'/1/18","transactions":[]},{"index":19,"scriptPubKey":"76a914871b75566271a97e0e8c29c3f89681a68ee1be0888ac","pubkey":"210294a27b065c1af483575934d7ab7ed49cbdc0d841c6aba1c1147c40db7ec65786ac","bech32Address":"tstrat1qsudh24nzwx5hur5v98pl395p568wr0sg4u6h7r","address":"TNHb7o6ssxH7BqwTZMTSYAJHhQvBLsUnXu","hdPath":"m/44'/105'/0'/1/19","transactions":[]}]}]}]}